Title,Genre,Release_Year,Rating
Shadow Protocol,Action,2016,7.2
Whispering Pines,Drama,2017,8.1
Neon Skyline,Sci-Fi,2018,6.9
Laugh Track,Comedy,2016,5.8
The Last Ember,Fantasy,2019,8.6
Midnight Diner,Drama,2020,7.9
Rogue Signal,Thriller,2021,6.4
Sunflower Fields,Romance,2016,7.0
Frostbite,Horror,2022,5.5
Quantum Drift,Sci-Fi,2023,8.3
Second Chances,Drama,2017,6.8
Comic Relief,Comedy,2018,4.9
Iron Horizon,Action,2019,7.5
The Glass Garden,Fantasy,2020,8.9
Echoes of War,Documentary,2016,8.0
Paper Boats,Drama,2021,7.3
Cursed Hollow,Horror,2017,5.2
Starlight Express,Animation,2022,7.8
Velvet Nights,Romance,2018,6.2
The Silent Ward,Thriller,2023,7.6
Breaking Point,Action,2024,8.4
Autumn Letters,Drama,2019,7.1
Circuit Breaker,Sci-Fi,2024,6.7
Belly Laughs,Comedy,2020,5.3
Dragon's Reach,Fantasy,2021,8.7
Concrete Jungle,Documentary,2022,7.4
The Forgotten Path,Drama,2023,6.6
Hollow Point,Thriller,2016,6.1
Bright Lanterns,Animation,2017,8.2
Winter's Bargain,Romance,2024,5.9
Static Noise,Horror,2018,4.7
Galactic Drift,Sci-Fi,2025,7.7
Kitchen Chaos,Comedy,2019,6.3
The Iron Crown,Fantasy,2016,8.5
City of Ash,Action,2020,7.0
Small Talk,Drama,2025,6.9
The Wire Room,Thriller,2021,7.2
Painted Skies,Animation,2023,8.0
Lonely Harbor,Drama,2018,6.5
Vanishing Point,Sci-Fi,2019,7.9
Prank Wars,Comedy,2021,4.5
The Emerald Vale,Fantasy,2022,8.8
True North,Documentary,2024,7.6
Broken Compass,Drama,2016,5.7
Nightfall Protocol,Thriller,2025,7.3
Bubblegum Summer,Romance,2020,6.0
Rattled Bones,Horror,2019,5.0
Skyward Bound,Animation,2026,8.1
Overdrive,Action,2026,7.8
The Last Signal,Sci-Fi,2026,6.8
Quiet Storm,Drama,2026,8.3
